{"cameraMode":{"drawMode":0,"name":"Shaded","section":"Shading Mode"},"sceneLighting":false,"audioPlay":false,"sceneViewState":{"m_AlwaysRefresh":false,"showFog":true,"showSkybox":false,"showFlares":true,"showImageEffects":true,"showParticleSystems":true,"showVisualEffectGraphs":true,"m_FxEnabled":true},"in2DMode":false,"pivot":{"x":-0.5146071910858154,"y":1.6235244274139405,"z":0.04465174674987793},"rotation":{"x":-0.028316523879766465,"y":0.9652646780014038,"z":-0.11816322803497315,"w":-0.23131050169467927},"size":2.609158992767334,"orthographic":false}