{"cameraMode":{"drawMode":0,"name":"Shaded","section":"Shading Mode"},"sceneLighting":false,"audioPlay":false,"sceneViewState":{"m_AlwaysRefresh":false,"showFog":true,"showSkybox":false,"showFlares":true,"showImageEffects":true,"showParticleSystems":true,"showVisualEffectGraphs":true,"m_FxEnabled":true},"in2DMode":false,"pivot":{"x":-1.5949225425720215,"y":2.1641077995300295,"z":4.518770217895508},"rotation":{"x":-0.00003889333675033413,"y":0.9999505877494812,"z":0.004190311301499605,"w":0.009300642646849156},"size":0.8660253286361694,"orthographic":false}